type,size,category
Source,2354,0
Binary,1423,0
Source,132,1
Binary,1423,1
Source,132,2
Binary,1423,2
Source,132,3
Binary,1423,3
Source,132,4
Binary,1423,4
Source,132,5
Binary,1423,5
Source,132,6
Binary,1423,6
Source,132,7
Binary,1423,7
Source,132,8
Binary,1423,8
Source,2354,0
Binary,1423,0
Source,132,1
Binary,1423,1
Source,132,2
Binary,1423,2
Source,132,3
Binary,1423,3
Source,132,4
Binary,1423,4
Source,132,5
Binary,1423,5
Source,132,6
Binary,1423,6
Source,132,7
Binary,1423,7
Source,132,8
Binary,1423,8
